Seccion ID,Seccion Nombre,Circuito ID,Circuito Nombre
1,CAPITAL,1,SECCIONAL PRIMERA
1,CAPITAL,2,SECCIONAL SEGUNDA
1,CAPITAL,3,SECCIONAL TERCERA
1,CAPITAL,4,NUEVA CORDOBA
1,CAPITAL,5,ALTAMIRA
1,CAPITAL,6,ALTO GRAL PAZ
1,CAPITAL,7,AEROPUERTO
1,CAPITAL,8,LA FLORESTA NORTE
1,CAPITAL,9,ESCOBAR
1,CAPITAL,10,BELLA VISTA
1,CAPITAL,11,AERONAUTICO
1,CAPITAL,12,AVELLANEDA
1,CAPITAL,13,LEANDRO N. ALEM
1,CAPITAL,14,ARGUELLO
1,CAPITAL,10A,CABILDO
1,CAPITAL,10B,CIUDADELA
1,CAPITAL,10C,COMERCIAL
1,CAPITAL,10D,CONGRESO
1,CAPITAL,10E,ESTACION FLORES
1,CAPITAL,10F,MATIENZO
1,CAPITAL,10G,OBSERVATORIO
1,CAPITAL,10H,PARQUE CAPITAL
1,CAPITAL,10I,PARQUE HORIZONTE
1,CAPITAL,10J,SANTA ISABEL
1,CAPITAL,10K,VICOR
1,CAPITAL,10L,VILLA EL LIBERTADOR
1,CAPITAL,10M,AMPLIACION CABILDO
1,CAPITAL,11A,ALTO ALBERDI
1,CAPITAL,11B,DON BOSCO
1,CAPITAL,11C,LAS PALMAS
1,CAPITAL,11D,LOS NARANJOS
1,CAPITAL,11E,LOS PLATANOS
1,CAPITAL,11F,LOS ROBLES
1,CAPITAL,11G,PARQUE REPUBLICA
1,CAPITAL,11H,QUEBRADA LAS ROSAS
1,CAPITAL,11I,RESIDENCIAL SAN ROQUE
1,CAPITAL,11J,SANTA ANA
1,CAPITAL,11K,VILLA GRAL URQUIZA
1,CAPITAL,11L,COUNTRYS DEL OESTE
1,CAPITAL,11M,VALLE ESCONDIDO
1,CAPITAL,12A,CARCANO
1,CAPITAL,12B,COLON
1,CAPITAL,12C,CORONEL OLMEDO
1,CAPITAL,12D,JOSE IGNACIO DIAZ
1,CAPITAL,12E,FERREYRA
1,CAPITAL,12F,JOSE HERNANDEZ
1,CAPITAL,12G,ITUZAINGO
1,CAPITAL,12H,LOS CERVECEROS
1,CAPITAL,12I,CIUDAD DE MIS SUEÑOS
1,CAPITAL,13A,AYACUCHO
1,CAPITAL,13B,EL GATEADO
1,CAPITAL,13C,GENERAL BUSTOS
1,CAPITAL,13D,JARDIN ARENALES
1,CAPITAL,13E,LA DOROTEA
1,CAPITAL,13F,NUEVA ITALIA
1,CAPITAL,13G,PARQUE LICEO
1,CAPITAL,13H,PATRICIOS
1,CAPITAL,13I,SAN JORGE
1,CAPITAL,13J,VILLA AZALAIS
1,CAPITAL,13K,VILLA ESQUIU
1,CAPITAL,13L,VILLA GRAN PARQUE
1,CAPITAL,13M,CAMINO A COLONIA TIROLESA
1,CAPITAL,13N,YOFRE
1,CAPITAL,13O,CHACHAPOYAS
1,CAPITAL,14A,ARGUELLO NORTE
1,CAPITAL,14B,ARGUELLO PRIMERO
1,CAPITAL,14C,ARGUELLO SEGUNDO
1,CAPITAL,14D,CERRO DE LAS ROSAS
1,CAPITAL,14E,CERRO NORTE
1,CAPITAL,14F,GRANJA DE FUNES
1,CAPITAL,14G,LOS BOULEVARES
1,CAPITAL,14H,MERCANTIL
1,CAPITAL,14I,SANTA CECILIA
1,CAPITAL,14J,URCA
1,CAPITAL,14K,VILLA ALLENDE PARQUE
1,CAPITAL,14L,VILLA BELGRANO
1,CAPITAL,14M,VILLA CENTENARIO
1,CAPITAL,14N,VILLA CORNU
1,CAPITAL,14O,VILLA 9 DE JULIO
1,CAPITAL,14P,VILLA RIVERA INDARTE
1,CAPITAL,14Q,VILLA WARCALDE
1,CAPITAL,4A,PUEBLO LAS FLORES
1,CAPITAL,4B,VILLA REVOL
1,CAPITAL,4C,INAUDI
1,CAPITAL,4D,VILLA EUCARISTICA
1,CAPITAL,4E,NUESTRO HOGAR III
1,CAPITAL,4F,CIUDAD OBISPO ANGELELLI
1,CAPITAL,5A,COLONIA LOLA
1,CAPITAL,5B,DEAN FUNES
1,CAPITAL,5C,EMPALME
1,CAPITAL,5D,MALDONADO
1,CAPITAL,5E,VILLA BUSTOS
1,CAPITAL,5F,RENACIMIENTO
1,CAPITAL,5G,SAN VICENTE
1,CAPITAL,5H,VILLA BOEDO
1,CAPITAL,5I,COLINAS DEL SUR
1,CAPITAL,6A,BAJADA DE PIEDRA
1,CAPITAL,6B,CHACRA DE LA MERCED
1,CAPITAL,6C,GRAL PAZ
1,CAPITAL,6D,JUNIORS
1,CAPITAL,6E,LA FLORESTA SUD
1,CAPITAL,6F,YAPEYU
1,CAPITAL,7A,GUIÑAZU
1,CAPITAL,7B,ALTA CORDOBA
1,CAPITAL,7C,CNO. A PAJAS BLANCAS
1,CAPITAL,7D,COFICO
1,CAPITAL,7E,MARQUES DE SOBREMONTE
1,CAPITAL,7F,JORGE NEWBERY
1,CAPITAL,7G,PANAMERICANO
1,CAPITAL,8A,PALMAR
1,CAPITAL,8B,PUEYRREDON
1,CAPITAL,8C,VILLA LOS PINOS
1,CAPITAL,9A,LA FRANCE
1,CAPITAL,9B,LAS MARGARITAS
1,CAPITAL,9C,LOS PARAISOS
1,CAPITAL,9D,POETA LUGONES
1,CAPITAL,9E,PROVIDENCIA
1,CAPITAL,9F,SAN MARTIN
1,CAPITAL,9G,VILLA CABRERA
2,CALAMUCHITA,15,AMBOY
2,CALAMUCHITA,16,ATHOS PAMPA
2,CALAMUCHITA,17,EMBALSE
2,CALAMUCHITA,18,LA CRUZ
2,CALAMUCHITA,19,LOS CONDORES
2,CALAMUCHITA,20,LOS REARTES
2,CALAMUCHITA,21,LAS BAJADAS
2,CALAMUCHITA,22,RIO DE LOS SAUCES
2,CALAMUCHITA,23,VILLA YACANTO
2,CALAMUCHITA,24,RUMIPAL
2,CALAMUCHITA,25,SAN AGUSTIN
2,CALAMUCHITA,26,SANTA ROSA
2,CALAMUCHITA,15A,VILLA AMANCAY
2,CALAMUCHITA,16A,VILLA LA MERCED
2,CALAMUCHITA,16B,CHAMPAQUI
2,CALAMUCHITA,16C,VILLA BERNA
2,CALAMUCHITA,18A,LUTTI
2,CALAMUCHITA,18B,CALERAS DE CALAMUCHITA
2,CALAMUCHITA,18C,VILLA CAÑADA DEL SAUCE
2,CALAMUCHITA,18D,VILLA QUILLINZO
2,CALAMUCHITA,20A,VILLA GENERAL BELGRANO
2,CALAMUCHITA,20B,VI.CIUD.PQUE.LOS REARTES
2,CALAMUCHITA,24A,VILLA DEL DIQUE
2,CALAMUCHITA,25A,CALMAYO
2,CALAMUCHITA,25B,LOS MOLINOS
2,CALAMUCHITA,26A,SEGUNDA USINA
2,CALAMUCHITA,26B,SAN IGNACIO
2,CALAMUCHITA,328A,LA CUMBRECITA
3,COLON,27,ASCOCHINGA
3,COLON,28,CALERA
3,COLON,29,COLONIA CAROYA
3,COLON,30,COLONIA TIROLESA
3,COLON,31,EL MANZANO
3,COLON,32,GENERAL PAZ
3,COLON,33,JESUS MARIA
3,COLON,34,JUAREZ CELMAN
3,COLON,35,MALVINAS ARGENTINAS
3,COLON,36,LA PUERTA
3,COLON,37,RIO CEBALLOS
3,COLON,38,SALSIPUEDES
3,COLON,39,SANTA TERESA
3,COLON,40,UNQUILLO
3,COLON,41,VILLA ALLENDE
3,COLON,28A,CALERA CENTRAL
3,COLON,29A,TINOCO
3,COLON,31A,AGUA DE ORO
3,COLON,31B,VILLA CERRO AZUL
3,COLON,33A,COLONIA VICENTE AGÜERO
3,COLON,35A,MI GRANJA
3,COLON,40A,MENDIOLAZA
3,COLON,41A,SALDAN
4,CRUZ DEL EJE,42,BAÑADO DE SOTO
4,CRUZ DEL EJE,43,CANDELARIA
4,CRUZ DEL EJE,44,CRUZ DEL EJE
4,CRUZ DEL EJE,45,EL BRETE
4,CRUZ DEL EJE,46,GUANACO MUERTO
4,CRUZ DEL EJE,47,IGLESIA VIEJA
4,CRUZ DEL EJE,48,LA HIGUERA
4,CRUZ DEL EJE,49,LOS SAUCES
4,CRUZ DEL EJE,50,MEDIA NARANJA
4,CRUZ DEL EJE,51,PASO VIEJO
4,CRUZ DEL EJE,52,PICHANAS
4,CRUZ DEL EJE,53,SAN ANTONIO
4,CRUZ DEL EJE,54,SAN MARCOS SIERRAS
4,CRUZ DEL EJE,55,SERREZUELA
4,CRUZ DEL EJE,56,SOTO
4,CRUZ DEL EJE,57,TUCLAME
4,CRUZ DEL EJE,43A,LAS CAÑADAS
4,CRUZ DEL EJE,43B,CRUZ DE CAÑA
4,CRUZ DEL EJE,44A,LAS PLAYAS
4,CRUZ DEL EJE,46B,ALTO DE LOS QUEBRACHOS
4,CRUZ DEL EJE,50A,LOS CHAÑARITOS
4,CRUZ DEL EJE,51A,SANTA ANA
4,CRUZ DEL EJE,53A,LOS LEONES
4,CRUZ DEL EJE,53B,EL ABRA
4,CRUZ DEL EJE,54A,CANTERAS QUILPO
4,CRUZ DEL EJE,55A,LA BATEA
5,GENERAL ROCA,58,BRUZONE
5,GENERAL ROCA,59,BUCHARDO
5,GENERAL ROCA,60,DEL CAMPILLO
5,GENERAL ROCA,61,HUINCA RENANCO
5,GENERAL ROCA,62,ITALO
5,GENERAL ROCA,63,JOVITA
5,GENERAL ROCA,65,LECUEDER
5,GENERAL ROCA,66,MATTALDI
5,GENERAL ROCA,67,ONAGOITY
5,GENERAL ROCA,68,PINCEN
5,GENERAL ROCA,69,RANQUELES
5,GENERAL ROCA,70,VILLA HUIDOBRO
5,GENERAL ROCA,71,VILLA SARMIENTO
5,GENERAL ROCA,72,VILLA VALERIA
6,GRAL SAN MARTIN,73,ARROYO ALGODON
6,GRAL SAN MARTIN,74,ARROYO CABRAL
6,GRAL SAN MARTIN,75,AUSONIA
6,GRAL SAN MARTIN,76,CHAZON
6,GRAL SAN MARTIN,77,ETRURIA
6,GRAL SAN MARTIN,78,LA LAGUNA
6,GRAL SAN MARTIN,79,LA PLAYOSA
6,GRAL SAN MARTIN,80,LUCA
6,GRAL SAN MARTIN,81,MOJARRAS
6,GRAL SAN MARTIN,82,PALESTINA
6,GRAL SAN MARTIN,83,PASCO
6,GRAL SAN MARTIN,84,SANABRIA
6,GRAL SAN MARTIN,86,SILVIO PELLICO
6,GRAL SAN MARTIN,87,TICINO
6,GRAL SAN MARTIN,88,TIO PUJIO
6,GRAL SAN MARTIN,89,VILLA MARIA
6,GRAL SAN MARTIN,90,VILLA NUEVA
7,ISCHILIN,91,AVELLANEDA
7,ISCHILIN,92,CAÑADA DE RIO PINTO
7,ISCHILIN,93,COPACABANA
7,ISCHILIN,94,CHUÑA
7,ISCHILIN,95,DEAN FUNES
7,ISCHILIN,97,ISCHILIN
7,ISCHILIN,98,JAIME PETER
7,ISCHILIN,99,QUILINO ESTACION
7,ISCHILIN,100,QUILINO VILLA
7,ISCHILIN,101,TOYOS
7,ISCHILIN,91A,CANTERAS
7,ISCHILIN,91B,LOS POZOS
7,ISCHILIN,91C,VILLA GUTIERREZ
7,ISCHILIN,96A,OLIVARES SAN NICOLAS
8,JUAREZ CELMAN,102,ALEJANDRO
8,JUAREZ CELMAN,103,ASSUNTA
8,JUAREZ CELMAN,105,BENGOLEA
8,JUAREZ CELMAN,106,CABRERA
8,JUAREZ CELMAN,107,CARNERILLO
8,JUAREZ CELMAN,108,CHARRAS
8,JUAREZ CELMAN,109,DEHEZA
8,JUAREZ CELMAN,110,EL RASTREADOR
8,JUAREZ CELMAN,111,HUANCHILLA
8,JUAREZ CELMAN,112,LA CARLOTA
8,JUAREZ CELMAN,113,LOS CISNES
8,JUAREZ CELMAN,114,OLAETA
8,JUAREZ CELMAN,116,REDUCCION
8,JUAREZ CELMAN,117,SANTA EUFEMIA
8,JUAREZ CELMAN,118,UCACHA
8,JUAREZ CELMAN,110A,PACHECO DE MELO
8,JUAREZ CELMAN,116A,PASO DEL DURAZNO
9,MARCOS JUAREZ,119,ALEJO LEDESMA
9,MARCOS JUAREZ,120,ARIAS
9,MARCOS JUAREZ,121,BALDISSERA
9,MARCOS JUAREZ,122,BARGE
9,MARCOS JUAREZ,123,CAMILO ALDAO
9,MARCOS JUAREZ,124,CAVANAGH
9,MARCOS JUAREZ,125,CORRAL DE BUSTOS
9,MARCOS JUAREZ,126,CRUZ ALTA
9,MARCOS JUAREZ,127,GUATIMOZIN
9,MARCOS JUAREZ,128,INRIVILLE
9,MARCOS JUAREZ,129,ISLA VERDE
9,MARCOS JUAREZ,130,LA ITALIANA
9,MARCOS JUAREZ,131,LEONES
9,MARCOS JUAREZ,132,LOS SURGENTES
9,MARCOS JUAREZ,133,MARCOS JUAREZ
9,MARCOS JUAREZ,134,MONTE BUEY
9,MARCOS JUAREZ,135,CAP.B.O HIGGINS
9,MARCOS JUAREZ,136,ROCA
9,MARCOS JUAREZ,137,SAIRA
9,MARCOS JUAREZ,128A,SALADILLO
9,MARCOS JUAREZ,131A,VILLA ELISA
10,MINAS,138,CIENAGA DEL CORO
10,MINAS,139,GUASAPAMPA
10,MINAS,140,LA ARGENTINA
10,MINAS,141,PIEDRITA BLANCA
10,MINAS,142,SAN CARLOS
10,MINAS,138A,RUMIACO
10,MINAS,138B,RUMIHUASI
10,MINAS,138C,ESTANCIA DE GUADALUPE
10,MINAS,138D,TOSNO
10,MINAS,139A,AGUA DE RAMON
10,MINAS,139B,LA PLAYA
10,MINAS,140A,OJO DE AGUA DE TOTOX
10,MINAS,141A,EL CHACHO
10,MINAS,142A,TALAINI
11,POCHO,144,CHANCANI
11,POCHO,145,POCHO
11,POCHO,146,SALSACATE
11,POCHO,144A,LAS JARILLAS
11,POCHO,144B,EL MEDANITO
11,POCHO,145A,LAS PALMAS
11,POCHO,146A,TALA CAÑADA
11,POCHO,146B,SAN JERONIMO
11,POCHO,146C,LOS TALARES
12,PUNILLA,147,BIALET MASSE
12,PUNILLA,148,CAPILLA DEL MONTE
12,PUNILLA,149,CASA GRANDE
12,PUNILLA,150,COSQUIN
12,PUNILLA,151,CHARBONIER
12,PUNILLA,152,HUERTA GRANDE
12,PUNILLA,153,LA CUMBRE
12,PUNILLA,154,LA FALDA
12,PUNILLA,155,SAN ESTEBAN
12,PUNILLA,156,VILLA CARLOS PAZ
12,PUNILLA,157,SANTA MARIA
12,PUNILLA,158,TANTI
12,PUNILLA,159,VALLE HERMOSO
12,PUNILLA,147A,SAN ROQUE
12,PUNILLA,147B,VILLA PARQUE SIQUIMAN
12,PUNILLA,152A,VILLA GIARDINO
12,PUNILLA,155A,LOS COCOS
12,PUNILLA,156A,YCHO CRUZ
12,PUNILLA,156B,CUESTA BLANCA
12,PUNILLA,156C,MAYU SUMAJ
12,PUNILLA,156D,SAN ANTONIO DE ARREDONDO
12,PUNILLA,156E,TALA HUASI
12,PUNILLA,158A,CABALANGO
12,PUNILLA,158B,ESTANCIA VIEJA
12,PUNILLA,158C,VILLA SANTA CRUZ DEL LAGO
13,RIO CUARTO,160,ACHIRAS
13,RIO CUARTO,161,ADELIA MARIA
13,RIO CUARTO,162,ALCIRA
13,RIO CUARTO,163,ALPA CORRAL
13,RIO CUARTO,164,BAIGORRIA
13,RIO CUARTO,165,BANDA NORTE
13,RIO CUARTO,166,BERROTARAN
13,RIO CUARTO,167,BULNES
13,RIO CUARTO,168,CHAJAN
13,RIO CUARTO,169,CHUCUL
13,RIO CUARTO,170,ELENA
13,RIO CUARTO,171,ESPINILLO
13,RIO CUARTO,172,HOLMBERG
13,RIO CUARTO,173,LA ARGENTINA
13,RIO CUARTO,174,LA CAUTIVA
13,RIO CUARTO,175,LA GILDA
13,RIO CUARTO,176,LA INVERNADA
13,RIO CUARTO,177,LAS ACEQUIAS
13,RIO CUARTO,178,LAS CAÑITAS
13,RIO CUARTO,179,LAS HIGUERAS
13,RIO CUARTO,180,LAS PEÑAS
13,RIO CUARTO,181,LOS CUATRO VIENTOS
13,RIO CUARTO,182,LAS VERTIENTES
13,RIO CUARTO,183,VICUÑA MACKENNA
13,RIO CUARTO,184,MOLDES
13,RIO CUARTO,186,PUEBLO ALBERDI
13,RIO CUARTO,187,PUEYRREDON
13,RIO CUARTO,188,RIO CUARTO
13,RIO CUARTO,189,SAMPACHO
13,RIO CUARTO,190,SAN AMBROSIO
13,RIO CUARTO,191,SAN BASILIO
13,RIO CUARTO,192,SUCO
13,RIO CUARTO,193,TOSQUITA
13,RIO CUARTO,194,WASHINGTON
13,RIO CUARTO,160A,LA CAROLINA
13,RIO CUARTO,178A,LAS ALBAHACAS
13,RIO CUARTO,178B,VILLA EL CHACAY
13,RIO CUARTO,184A,MONTE DE LOS GAUCHOS
13,RIO CUARTO,191A,MALENA
14,RIO PRIMERO,195,ATAHONA
14,RIO PRIMERO,196,CAÑADA DE MACHADO
14,RIO PRIMERO,197,LA POSTA
14,RIO PRIMERO,198,CAPILLA DE REMEDIOS
14,RIO PRIMERO,199,CHALACEA
14,RIO PRIMERO,200,DIEGO DE ROJAS
14,RIO PRIMERO,201,COLONIA LAS CUATRO ESQUINAS
14,RIO PRIMERO,202,ESQUINA
14,RIO PRIMERO,203,PEDRO E.VIVAS
14,RIO PRIMERO,204,LA PARA
14,RIO PRIMERO,205,LA PUERTA
14,RIO PRIMERO,206,LAS HERAS
14,RIO PRIMERO,207,LAS SALADAS
14,RIO PRIMERO,208,COMECHINGONES
14,RIO PRIMERO,209,MAQUINISTA GALLINI
14,RIO PRIMERO,210,BLAS DE ROSALES
14,RIO PRIMERO,211,MONTE CRISTO
14,RIO PRIMERO,212,MONTE DEL ROSARIO
14,RIO PRIMERO,213,OBISPO TREJO
14,RIO PRIMERO,214,PIQUILLIN
14,RIO PRIMERO,215,PLAZA DE MERCEDES
14,RIO PRIMERO,216,PUNTA DEL AGUA
14,RIO PRIMERO,217,QUEBRACHO
14,RIO PRIMERO,218,RIO PRIMERO
14,RIO PRIMERO,219,SAGRADA FAMILIA
14,RIO PRIMERO,220,VILLA SANTA ROSA
14,RIO PRIMERO,221,EL ALCALDE
14,RIO PRIMERO,222,VILLA FONTANA
14,RIO PRIMERO,201A,LAS GRAMILLAS
14,RIO PRIMERO,212B,EL CRISPIN
14,RIO PRIMERO,215A,LA QUINTA
15,RIO SECO,223,CANDELARIA NORTE
15,RIO SECO,224,ENCRUCIJADA
15,RIO SECO,225,GUTEMBERG
15,RIO SECO,226,LOS HOYOS
15,RIO SECO,227,RAYO CORTADO
15,RIO SECO,228,SEBASTIAN ELCANO
15,RIO SECO,229,VILLA DE MARIA
15,RIO SECO,225A,LA CAÑADA
15,RIO SECO,226A,PUESTO DE CASTRO
15,RIO SECO,227A,RINCONADA
15,RIO SECO,227B,CERRO COLORADO
15,RIO SECO,227C,CHAÑAR VIEJO
15,RIO SECO,227D,SANTA ELENA
15,RIO SECO,229A,EUFRASIO LOZA
16,RIO SEGUNDO,230,CALCHIN
16,RIO SEGUNDO,231,CAPILLA DEL CARMEN
16,RIO SEGUNDO,232,CARRILOBO
16,RIO SEGUNDO,233,COLAZO
16,RIO SEGUNDO,234,COSTA SACATE
16,RIO SEGUNDO,235,LAGUNA LARGA
16,RIO SEGUNDO,236,LAS JUNTURAS
16,RIO SEGUNDO,237,LUQUE
16,RIO SEGUNDO,238,MATORRALES
16,RIO SEGUNDO,239,ONCATIVO
16,RIO SEGUNDO,240,PILAR
16,RIO SEGUNDO,241,POZO DEL MOLLE
16,RIO SEGUNDO,242,RINCON
16,RIO SEGUNDO,243,RIO SEGUNDO
16,RIO SEGUNDO,244,SANTIAGO TEMPLE
16,RIO SEGUNDO,245,VILLA DEL ROSARIO
16,RIO SEGUNDO,230A,CALCHIN OESTE
16,RIO SEGUNDO,236A,COLONIA VIDELA
16,RIO SEGUNDO,237A,MANFREDI
16,RIO SEGUNDO,237B,PUEBLO LUDUEÑA
16,RIO SEGUNDO,242A,CAÑADA DE MACHADO SUD
16,RIO SEGUNDO,244A,LOS CHAÑARITOS
17,ROQUE SAENZ PEÑA,248,LABOULAYE
17,ROQUE SAENZ PEÑA,249,LA CESIRA
17,ROQUE SAENZ PEÑA,251,LEGUIZAMON
17,ROQUE SAENZ PEÑA,252,LEVALLE
17,ROQUE SAENZ PEÑA,253,MELO
17,ROQUE SAENZ PEÑA,254,RIO BAMBA
17,ROQUE SAENZ PEÑA,255,ROSALES
17,ROQUE SAENZ PEÑA,256,SAN JOAQUIN
17,ROQUE SAENZ PEÑA,257,SERRANO
17,ROQUE SAENZ PEÑA,258,VILLA ROSSI
18,SAN ALBERTO,259,ALTAUTINA
18,SAN ALBERTO,260,AMBUL
18,SAN ALBERTO,261,BROCHERO
18,SAN ALBERTO,262,MINA CLAVERO
18,SAN ALBERTO,263,NONO
18,SAN ALBERTO,264,PANAHOLMA
18,SAN ALBERTO,265,SAN PEDRO
18,SAN ALBERTO,266,SAN VICENTE
18,SAN ALBERTO,260A,EL VOLCAN
18,SAN ALBERTO,261A,SAN LORENZO
18,SAN ALBERTO,261B,VILLA BENEGAS
18,SAN ALBERTO,263A,PAMPA DE ACHALA
18,SAN ALBERTO,263B,LOS CERROS
18,SAN ALBERTO,263C,ARROYO DE LOS PATOS
18,SAN ALBERTO,263D,LAS CALLES
18,SAN ALBERTO,263E,LAS RABONAS
18,SAN ALBERTO,264A,LOS ESPINILLOS
18,SAN ALBERTO,265A,VILLA SARMIENTO
18,SAN ALBERTO,265B,LA CORTADERA
18,SAN ALBERTO,265C,SAUCE ARRIBA
18,SAN ALBERTO,266A,SAN RAFAEL
19,SAN JAVIER,267,CONLARA
19,SAN JAVIER,268,DOLORES
19,SAN JAVIER,269,LA PAZ
19,SAN JAVIER,270,LAS ROSAS
19,SAN JAVIER,271,LAS TAPIAS
19,SAN JAVIER,272,LOS HORNILLOS
19,SAN JAVIER,273,LUYABA
19,SAN JAVIER,274,SAN JAVIER
19,SAN JAVIER,275,SAN JOSE
19,SAN JAVIER,276,YACANTO
19,SAN JAVIER,269A,QUEBRACHO LADEADO
19,SAN JAVIER,269B,EL MANANTIAL
19,SAN JAVIER,274A,LA POBLACION
19,SAN JAVIER,275A,LOS CERRILLOS
20,SAN JUSTO,277,ALICIA
20,SAN JUSTO,278,ALTOS DE CHIPION
20,SAN JUSTO,279,ARROYITO
20,SAN JUSTO,280,BALNEARIA
20,SAN JUSTO,281,BEIRO
20,SAN JUSTO,282,BRINKMANN
20,SAN JUSTO,283,CONCEPCION
20,SAN JUSTO,285,DEVOTO
20,SAN JUSTO,286,DIEZ DE JULIO
20,SAN JUSTO,287,DOS HERMANOS
20,SAN JUSTO,288,EL ARAÑADO
20,SAN JUSTO,289,EL FORTIN
20,SAN JUSTO,290,EL TIO
20,SAN JUSTO,291,FREYRE
20,SAN JUSTO,292,ITURRASPE
20,SAN JUSTO,293,LA FRANCIA
20,SAN JUSTO,294,LA PAQUITA
20,SAN JUSTO,295,LA TORDILLA
20,SAN JUSTO,296,LASPIUR
20,SAN JUSTO,297,LAS VARAS
20,SAN JUSTO,298,LAS VARILLAS
20,SAN JUSTO,299,LUXARDO
20,SAN JUSTO,300,MARINA
20,SAN JUSTO,301,MARULL
20,SAN JUSTO,302,MAUNIER
20,SAN JUSTO,303,MIRAMAR DE ANSENUZA
20,SAN JUSTO,304,MORTEROS
20,SAN JUSTO,305,PORTEÑA
20,SAN JUSTO,306,PROSPERIDAD
20,SAN JUSTO,307,QUEBRACHO HERRADO
20,SAN JUSTO,308,SACANTA
20,SAN JUSTO,309,SAN BARTOLOME
20,SAN JUSTO,310,SAN FRANCISCO SECC. SUR
20,SAN JUSTO,311,SAN PEDRO
20,SAN JUSTO,312,SAUZE
20,SAN JUSTO,313,SEEBER
20,SAN JUSTO,314,TRANSITO
20,SAN JUSTO,315,VIGNAUD
20,SAN JUSTO,279A,EL FUERTECITO
20,SAN JUSTO,283A,COLONIA PICHANAS
20,SAN JUSTO,288A,VILLA SAN ESTEBAN
20,SAN JUSTO,291A,COLONIA ANITA
20,SAN JUSTO,294A,COLONIA VALTELINA
20,SAN JUSTO,295A,TORO PUJIO
20,SAN JUSTO,310A,SAN FRANCISCO SECC. NORTE
21,SANTA MARIA,316,ALTA GRACIA
21,SANTA MARIA,317,BAJO CHICO
21,SANTA MARIA,318,RAFAEL GARCIA
21,SANTA MARIA,319,BOUWER
21,SANTA MARIA,320,BUENA VISTA
21,SANTA MARIA,322,COSME
21,SANTA MARIA,323,DESPEÑADEROS
21,SANTA MARIA,324,FALDA DEL CARMEN
21,SANTA MARIA,325,LOZADA
21,SANTA MARIA,326,MALAGUEÑO
21,SANTA MARIA,327,MONTE RALO
21,SANTA MARIA,328,POTRERO DE GARAY
21,SANTA MARIA,329,SAN CLEMENTE
21,SANTA MARIA,330,SAN ISIDRO
21,SANTA MARIA,331,TOLEDO
21,SANTA MARIA,316A,ANIZACATE
21,SANTA MARIA,316B,LA PAISANITA
21,SANTA MARIA,316C,LA RANCHERITA
21,SANTA MARIA,316D,LA SERRANITA
21,SANTA MARIA,316E,LOS CEDROS
21,SANTA MARIA,316F,VALLE DE ANIZACATE
21,SANTA MARIA,316G,VILLA EL PRADO
21,SANTA MARIA,316H,VILLA LA BOLSA
21,SANTA MARIA,316I,VILLA LOS AROMOS
21,SANTA MARIA,316J,VILLA PARQUE SANTA ANA
21,SANTA MARIA,326A,YOCSINA
21,SANTA MARIA,326B,BARRIO PRIMERO DE MAYO
21,SANTA MARIA,326C,SAN NICOLAS
21,SANTA MARIA,328B,VILLA CIUDAD DE AMERICA
21,SANTA MARIA,330A,JOSE DE LA QUINTANA
22,SOBREMONTE,332,POZO NUEVO
22,SOBREMONTE,333,CAMINIAGA
22,SOBREMONTE,334,CHUÑAHUASI
22,SOBREMONTE,335,CHAÑAR
23,TERCERO ARRIBA,336,ALMAFUERTE
23,TERCERO ARRIBA,337,ASCASUBI
23,TERCERO ARRIBA,338,CORRALITO
23,TERCERO ARRIBA,339,DALMACIO VELEZ
23,TERCERO ARRIBA,340,HERNANDO
23,TERCERO ARRIBA,341,JAMES CRAIK
23,TERCERO ARRIBA,342,LAS PERDICES
23,TERCERO ARRIBA,343,LOS ZORROS
23,TERCERO ARRIBA,344,OLIVA
23,TERCERO ARRIBA,345,PAMPAYASTA NORTE
23,TERCERO ARRIBA,346,PAMPAYASTA SUD
23,TERCERO ARRIBA,347,PUNTA DEL AGUA
23,TERCERO ARRIBA,348,RIO TERCERO
23,TERCERO ARRIBA,349,TANCACHA
23,TERCERO ARRIBA,337A,CNIA ALMADA
23,TERCERO ARRIBA,347A,LAS ISLETILLAS
23,TERCERO ARRIBA,349A,GENERAL FOTHERINGHAM
24,TOTORAL,350,CANDELARIA
24,TOTORAL,351,CAÑADA DE LUQUE
24,TOTORAL,352,LAS PEÑAS
24,TOTORAL,353,MACHA
24,TOTORAL,354,SANTA CATALINA
24,TOTORAL,355,SARMIENTO
24,TOTORAL,356,SIMBOLAR
24,TOTORAL,357,SINSACATE
24,TOTORAL,358,SITON
24,TOTORAL,359,VILLA DEL TOTORAL
24,TOTORAL,351A,LA PAMPA
24,TOTORAL,352A,LOS MISTOLES
25,TULUMBA,360,CHURQUI CAÑADA
25,TULUMBA,361,LAS ARRIAS
25,TULUMBA,362,EL BAÑADO
25,TULUMBA,363,ISLA DE SAN ANTONIO
25,TULUMBA,364,LA DORMIDA
25,TULUMBA,365,LAS MASITAS
25,TULUMBA,366,LUCIO V MANSILLA
25,TULUMBA,367,ROSARIO DEL SALADILLO
25,TULUMBA,368,SAN JOSE DE LAS SALINAS
25,TULUMBA,369,SAN PEDRO NORTE
25,TULUMBA,370,SANTA CRUZ
25,TULUMBA,371,TULUMBA
25,TULUMBA,360A,EL RODEO
25,TULUMBA,360B,LA TOMA
25,TULUMBA,370A,LA CAÑADA
26,UNION,372,ALTO ALEGRE
26,UNION,373,BALLESTEROS
26,UNION,374,BALLESTEROS SUD
26,UNION,375,BELL VILLE
26,UNION,376,BISMARCK
26,UNION,377,BREMEN
26,UNION,378,CANALS
26,UNION,379,CARCANO
26,UNION,381,CINTRA
26,UNION,382,CHILIBROSTE
26,UNION,384,PUEBLO ITALIANO
26,UNION,385,ESCALANTE
26,UNION,386,GOULD
26,UNION,387,IDIAZABAL
26,UNION,389,LABORDE
26,UNION,390,MONTE LEÑA
26,UNION,391,MONTE MAIZ
26,UNION,392,MORRISON
26,UNION,393,NOETINGER
26,UNION,394,ORDOÑEZ
26,UNION,395,PASCANAS
26,UNION,396,POSSE
26,UNION,397,SAN ANTONIO
26,UNION,400,SAN MARCOS SUD
26,UNION,401,SANTA MARIA
26,UNION,402,VIAMONTE
26,UNION,372A,ANA ZUMARAN
26,UNION,396A,VILLA LOS PATOS
26,UNION,397A,CORRAL DEL BAJO
